issued_on,league,match_date,matchday,home,away,home_dc,away_dc,model_used,fallback_reason,p_home,p_draw,p_away,pw_home,pw_draw,pw_away,po_home,po_draw,po_away,mkt_home,mkt_draw,mkt_away,mkt_source,hg,ag,result
2026-10-09,bundesliga,2026-10-09,5,Dortmund,Bremen,Dortmund,Werder Bremen,with_xg,,0.71615,0.17721,0.10664,0.71615,0.17721,0.10664,0.70130,0.18470,0.11400,,,,,,,
2026-10-09,la_liga,2026-10-09,8,Málaga,Espanyol,Malaga,Espanol,with_xg,,0.30004,0.29532,0.40464,0.30004,0.29532,0.40464,0.26384,0.29735,0.43880,,,,,,,
2026-10-09,ligue_1,2026-10-09,6,RC Lens,Olympique Lyon,Lens,Lyon,with_xg,,0.50254,0.23765,0.25981,0.50254,0.23765,0.25981,0.46196,0.25533,0.28272,,,,,,,
2026-10-09,bundesliga,2026-10-10,5,Augsburg,Bayern,Augsburg,Bayern Munich,with_xg,,0.11505,0.16159,0.72336,0.11505,0.16159,0.72336,0.10797,0.16784,0.72420,,,,,,,
2026-10-09,bundesliga,2026-10-10,5,Hoffenheim,HSV,Hoffenheim,Hamburg,with_xg,,0.62584,0.20683,0.16734,0.62584,0.20683,0.16734,0.57778,0.22437,0.19785,,,,,,,
2026-10-09,bundesliga,2026-10-10,5,Mainz,Leverkusen,Mainz,Leverkusen,with_xg,,0.32922,0.24390,0.42687,0.32922,0.24390,0.42687,0.32100,0.26001,0.41898,,,,,,,
2026-10-09,bundesliga,2026-10-10,5,RB Leipzig,Frankfurt,RB Leipzig,Ein Frankfurt,with_xg,,0.58058,0.21148,0.20794,0.58058,0.21148,0.20794,0.59758,0.21455,0.18787,,,,,,,
2026-10-09,bundesliga,2026-10-10,5,SC Paderborn,Stuttgart,Paderborn,Stuttgart,with_xg,,0.17702,0.24324,0.57974,0.17702,0.24324,0.57974,0.13079,0.22827,0.64094,,,,,,,
2026-10-09,bundesliga,2026-10-10,5,Union Berlin,Elversberg,Union Berlin,Elversberg,with_xg,,0.39771,0.26852,0.33376,0.39771,0.26852,0.33376,0.31984,0.27225,0.40791,,,,,,,
2026-10-09,la_liga,2026-10-10,8,Alavés,Atleti,Alaves,Ath Madrid,with_xg,,0.32734,0.26988,0.40278,0.32734,0.26988,0.40278,0.30742,0.27455,0.41803,,,,,,,
2026-10-09,la_liga,2026-10-10,8,Barça,Getafe,Barcelona,Getafe,with_xg,,0.84347,0.11018,0.04634,0.84347,0.11018,0.04634,0.83269,0.11968,0.04764,,,,,,,
2026-10-09,la_liga,2026-10-10,8,Rayo Vallecano,Athletic,Vallecano,Ath Bilbao,with_xg,,0.39674,0.27528,0.32798,0.39674,0.27528,0.32798,0.43152,0.27605,0.29243,,,,,,,
2026-10-09,la_liga,2026-10-10,8,Real Madrid,Villarreal,Real Madrid,Villarreal,with_xg,,0.63069,0.19287,0.17644,0.63069,0.19287,0.17644,0.66010,0.19221,0.14770,,,,,,,
2026-10-09,ligue_1,2026-10-10,6,Brest,Angers SCO,Brest,Angers,with_xg,,0.57079,0.24023,0.18898,0.57079,0.24023,0.18898,0.56159,0.24856,0.18985,,,,,,,
2026-10-09,ligue_1,2026-10-10,6,Lille,Le Havre,Lille,Le Havre,with_xg,,0.64668,0.21806,0.13526,0.64668,0.21806,0.13526,0.62209,0.23152,0.14639,,,,,,,
2026-10-09,ligue_1,2026-10-10,6,Lorient,Paris FC,Lorient,Paris FC,with_xg,,0.35049,0.28210,0.36741,0.35049,0.28210,0.36741,0.33620,0.28485,0.37895,,,,,,,
2026-10-09,ligue_1,2026-10-10,6,Monaco,Toulouse,Monaco,Toulouse,with_xg,,0.52445,0.24553,0.23002,0.52445,0.24553,0.23002,0.53036,0.24419,0.22545,,,,,,,
2026-10-09,ligue_1,2026-10-10,6,PSG,Le Mans,Paris SG,Le Mans,with_xg,,0.79818,0.12898,0.07284,0.79818,0.12898,0.07284,0.73569,0.15882,0.10550,,,,,,,
2026-10-09,premier_league,2026-10-10,6,Arsenal,Leeds United,Arsenal,Leeds,with_xg,,0.64528,0.21770,0.13702,0.64528,0.21770,0.13702,0.65630,0.21725,0.12645,,,,,,,
2026-10-09,premier_league,2026-10-10,6,Aston Villa,Brentford,Aston Villa,Brentford,with_xg,,0.38509,0.25291,0.36200,0.38509,0.25291,0.36200,0.41655,0.26241,0.32104,,,,,,,
2026-10-09,premier_league,2026-10-10,6,Chelsea,Bournemouth,Chelsea,Bournemouth,with_xg,,0.41505,0.24689,0.33807,0.41505,0.24689,0.33807,0.40645,0.25968,0.33387,,,,,,,
2026-10-09,premier_league,2026-10-10,6,Ipswich Town,Fulham,Ipswich,Fulham,with_xg,,0.27418,0.25799,0.46782,0.27418,0.25799,0.46782,0.24315,0.25480,0.50205,,,,,,,
2026-10-09,premier_league,2026-10-10,6,Man United,Tottenham,Man United,Tottenham,with_xg,,0.59981,0.21964,0.18055,0.59981,0.21964,0.18055,0.59199,0.22334,0.18468,,,,,,,
2026-10-09,premier_league,2026-10-10,6,Sunderland,Brighton Hove,Sunderland,Brighton,with_xg,,0.28871,0.26254,0.44875,0.28871,0.26254,0.44875,0.26768,0.26986,0.46246,,,,,,,
2026-10-09,serie_a,2026-10-10,6,Genoa,Fiorentina,Genoa,Fiorentina,with_xg,,0.36131,0.28199,0.35670,0.36131,0.28199,0.35670,0.35830,0.28217,0.35953,,,,,,,
2026-10-09,serie_a,2026-10-10,6,Inter,Parma,Inter,Parma,with_xg,,0.80539,0.13334,0.06128,0.80539,0.13334,0.06128,0.76953,0.15607,0.07440,,,,,,,
2026-10-09,serie_a,2026-10-10,6,Napoli,Frosinone,Napoli,Frosinone,with_xg,,0.65152,0.20610,0.14238,0.65152,0.20610,0.14238,0.62843,0.21695,0.15462,,,,,,,
2026-10-09,bundesliga,2026-10-11,5,1. FC Köln,M'gladbach,FC Koln,M'gladbach,with_xg,,0.49851,0.23322,0.26827,0.49851,0.23322,0.26827,0.48755,0.24295,0.26951,,,,,,,
2026-10-09,bundesliga,2026-10-11,5,Freiburg,Schalke,Freiburg,Schalke 04,with_xg,,0.63974,0.20431,0.15595,0.63974,0.20431,0.15595,0.64780,0.20671,0.14548,,,,,,,
2026-10-09,la_liga,2026-10-11,8,Elche,Celta,Elche,Celta,with_xg,,0.35410,0.26685,0.37905,0.35410,0.26685,0.37905,0.35018,0.27169,0.37813,,,,,,,
2026-10-09,la_liga,2026-10-11,8,Real Betis,Osasuna,Betis,Osasuna,with_xg,,0.57865,0.23200,0.18935,0.57865,0.23200,0.18935,0.60137,0.22683,0.17180,,,,,,,
2026-10-09,la_liga,2026-10-11,8,Real Sociedad,Deportivo,Sociedad,La Coruna,with_xg,,0.56631,0.24039,0.19329,0.56631,0.24039,0.19329,0.56698,0.23833,0.19469,,,,,,,
2026-10-09,la_liga,2026-10-11,8,Santander,Valencia,Santander,Valencia,with_xg,,0.39126,0.25701,0.35174,0.39126,0.25701,0.35174,0.38455,0.25437,0.36108,,,,,,,
2026-10-09,ligue_1,2026-10-11,6,Nice,Strasbourg,Nice,Strasbourg,with_xg,,0.36135,0.25704,0.38161,0.36135,0.25704,0.38161,0.35088,0.26443,0.38469,,,,,,,
2026-10-09,ligue_1,2026-10-11,6,Stade Rennais,Auxerre,Rennes,Auxerre,with_xg,,0.55893,0.22975,0.21132,0.55893,0.22975,0.21132,0.57070,0.23184,0.19746,,,,,,,
2026-10-09,ligue_1,2026-10-11,6,Troyes,Marseille,Troyes,Marseille,with_xg,,0.17098,0.19928,0.62974,0.17098,0.19928,0.62974,0.14045,0.19501,0.66453,,,,,,,
2026-10-09,premier_league,2026-10-11,6,Crystal Palace,Nottingham,Crystal Palace,Nott'm Forest,with_xg,,0.41472,0.26999,0.31529,0.41472,0.26999,0.31529,0.36897,0.28414,0.34689,,,,,,,
2026-10-09,premier_league,2026-10-11,6,Hull City,Everton,Hull,Everton,with_xg,,0.34812,0.29651,0.35538,0.34812,0.29651,0.35538,0.32870,0.29899,0.37231,,,,,,,
2026-10-09,premier_league,2026-10-11,6,Liverpool,Man City,Liverpool,Man City,with_xg,,0.34465,0.25198,0.40337,0.34465,0.25198,0.40337,0.31702,0.26148,0.42151,,,,,,,
2026-10-09,serie_a,2026-10-11,6,Cagliari,Juventus,Cagliari,Juventus,with_xg,,0.17958,0.24683,0.57359,0.17958,0.24683,0.57359,0.22353,0.26423,0.51224,,,,,,,
2026-10-09,serie_a,2026-10-11,6,Como 1907,Roma,Como,Roma,with_xg,,0.38959,0.26465,0.34576,0.38959,0.26465,0.34576,0.41719,0.27213,0.31068,,,,,,,
2026-10-09,serie_a,2026-10-11,6,Lazio,Monza,Lazio,Monza,with_xg,,0.59682,0.23426,0.16892,0.59682,0.23426,0.16892,0.65368,0.21132,0.13500,,,,,,,
2026-10-09,serie_a,2026-10-11,6,Lecce,Bologna,Lecce,Bologna,with_xg,,0.23767,0.27594,0.48639,0.23767,0.27594,0.48639,0.25124,0.28694,0.46182,,,,,,,
2026-10-09,serie_a,2026-10-11,6,Sassuolo,Milan,Sassuolo,Milan,with_xg,,0.26518,0.24756,0.48725,0.26518,0.24756,0.48725,0.27522,0.25597,0.46881,,,,,,,
2026-10-09,la_liga,2026-10-12,8,Levante,Sevilla FC,Levante,Sevilla,with_xg,,0.47210,0.26013,0.26777,0.47210,0.26013,0.26777,0.40176,0.26956,0.32868,,,,,,,
2026-10-09,premier_league,2026-10-12,6,Coventry City,Newcastle,Coventry,Newcastle,with_xg,,0.31008,0.27658,0.41333,0.31008,0.27658,0.41333,0.29177,0.28535,0.42288,,,,,,,
2026-10-09,serie_a,2026-10-12,6,Atalanta,Venezia FC,Atalanta,Venezia,with_xg,,0.67192,0.19140,0.13668,0.67192,0.19140,0.13668,0.67298,0.19991,0.12711,,,,,,,
2026-10-09,serie_a,2026-10-12,6,Torino,Udinese,Torino,Udinese,with_xg,,0.39665,0.27857,0.32477,0.39665,0.27857,0.32477,0.36972,0.28174,0.34854,,,,,,,
2026-10-09,bundesliga,2026-10-16,6,Frankfurt,1. FC Köln,Ein Frankfurt,FC Koln,with_xg,,0.53156,0.23001,0.23843,0.53156,0.23001,0.23843,0.52992,0.23738,0.23270,,,,,,,
2026-10-09,la_liga,2026-10-16,9,Deportivo,Levante,La Coruna,Levante,with_xg,,0.38242,0.25873,0.35885,0.38242,0.25873,0.35885,0.40975,0.26219,0.32807,,,,,,,
2026-10-09,ligue_1,2026-10-16,7,Le Mans,Toulouse,Le Mans,Toulouse,with_xg,,0.33408,0.26113,0.40479,0.33408,0.26113,0.40479,0.37550,0.26061,0.36390,,,,,,,
2026-10-09,serie_a,2026-10-16,7,Frosinone,Sassuolo,Frosinone,Sassuolo,with_xg,,0.38538,0.24398,0.37064,0.38538,0.24398,0.37064,0.42163,0.25025,0.32812,,,,,,,
2026-10-09,bundesliga,2026-10-17,6,Bayern,RB Leipzig,Bayern Munich,RB Leipzig,with_xg,,0.75625,0.13814,0.10560,0.75625,0.13814,0.10560,0.77980,0.13522,0.08498,,,,,,,
2026-10-09,bundesliga,2026-10-17,6,Bremen,SC Paderborn,Werder Bremen,Paderborn,with_xg,,0.54499,0.27672,0.17829,0.54499,0.27672,0.17829,0.59370,0.25930,0.14700,,,,,,,
2026-10-09,bundesliga,2026-10-17,6,Elversberg,Augsburg,Elversberg,Augsburg,with_xg,,0.45112,0.25295,0.29594,0.45112,0.25295,0.29594,0.50601,0.25352,0.24047,,,,,,,
2026-10-09,bundesliga,2026-10-17,6,HSV,Stuttgart,Hamburg,Stuttgart,with_xg,,0.22316,0.21925,0.55759,0.22316,0.21925,0.55759,0.24091,0.23552,0.52357,,,,,,,
2026-10-09,bundesliga,2026-10-17,6,Schalke,Mainz,Schalke 04,Mainz,with_xg,,0.26036,0.23160,0.50804,0.26036,0.23160,0.50804,0.26912,0.25917,0.47171,,,,,,,
2026-10-09,bundesliga,2026-10-17,6,Union Berlin,Dortmund,Union Berlin,Dortmund,with_xg,,0.19377,0.23208,0.57415,0.19377,0.23208,0.57415,0.19433,0.24114,0.56452,,,,,,,
2026-10-09,la_liga,2026-10-17,9,Espanyol,Atleti,Espanol,Ath Madrid,with_xg,,0.24346,0.24683,0.50971,0.24346,0.24683,0.50971,0.22934,0.24838,0.52228,,,,,,,
2026-10-09,la_liga,2026-10-17,9,Real Betis,Barça,Betis,Barcelona,with_xg,,0.21124,0.21411,0.57464,0.21124,0.21411,0.57464,0.20901,0.23088,0.56011,,,,,,,
2026-10-09,la_liga,2026-10-17,9,Valencia,Athletic,Valencia,Ath Bilbao,with_xg,,0.33575,0.28816,0.37609,0.33575,0.28816,0.37609,0.34980,0.29222,0.35798,,,,,,,
2026-10-09,la_liga,2026-10-17,9,Villarreal,Elche,Villarreal,Elche,with_xg,,0.68797,0.17998,0.13204,0.68797,0.17998,0.13204,0.64195,0.20491,0.15314,,,,,,,
2026-10-09,ligue_1,2026-10-17,7,Lille,Brest,Lille,Brest,with_xg,,0.57038,0.23849,0.19114,0.57038,0.23849,0.19114,0.58674,0.23696,0.17630,,,,,,,
2026-10-09,ligue_1,2026-10-17,7,Strasbourg,PSG,Strasbourg,Paris SG,with_xg,,0.21014,0.22305,0.56681,0.21014,0.22305,0.56681,0.22792,0.23410,0.53798,,,,,,,
2026-10-09,ligue_1,2026-10-17,7,Troyes,RC Lens,Troyes,Lens,with_xg,,0.13358,0.18454,0.68188,0.13358,0.18454,0.68188,0.12376,0.19086,0.68538,,,,,,,
2026-10-09,premier_league,2026-10-17,7,Brentford,Liverpool,Brentford,Liverpool,with_xg,,0.36285,0.24829,0.38886,0.36285,0.24829,0.38886,0.35012,0.25855,0.39134,,,,,,,
2026-10-09,premier_league,2026-10-17,7,Everton,Chelsea,Everton,Chelsea,with_xg,,0.36123,0.26200,0.37677,0.36123,0.26200,0.37677,0.38346,0.27237,0.34417,,,,,,,
2026-10-09,premier_league,2026-10-17,7,Fulham,Hull City,Fulham,Hull,with_xg,,0.46665,0.28134,0.25201,0.46665,0.28134,0.25201,0.49187,0.27451,0.23362,,,,,,,
2026-10-09,premier_league,2026-10-17,7,Man City,Ipswich Town,Man City,Ipswich,with_xg,,0.81614,0.12314,0.06072,0.81614,0.12314,0.06072,0.83590,0.11386,0.05024,,,,,,,
2026-10-09,premier_league,2026-10-17,7,Newcastle,Aston Villa,Newcastle,Aston Villa,with_xg,,0.45230,0.24757,0.30013,0.45230,0.24757,0.30013,0.44975,0.25376,0.29649,,,,,,,
2026-10-09,serie_a,2026-10-17,7,Bologna,Inter,Bologna,Inter,with_xg,,0.20690,0.24720,0.54590,0.20690,0.24720,0.54590,0.21339,0.25634,0.53027,,,,,,,
2026-10-09,serie_a,2026-10-17,7,Roma,Genoa,Roma,Genoa,with_xg,,0.68193,0.19749,0.12058,0.68193,0.19749,0.12058,0.69067,0.19523,0.11410,,,,,,,
2026-10-09,serie_a,2026-10-17,7,Venezia FC,Napoli,Venezia,Napoli,with_xg,,0.15515,0.21918,0.62567,0.15515,0.21918,0.62567,0.14110,0.21862,0.64027,,,,,,,
2026-10-09,bundesliga,2026-10-18,6,Leverkusen,Freiburg,Leverkusen,Freiburg,with_xg,,0.60973,0.21279,0.17748,0.60973,0.21279,0.17748,0.59112,0.22164,0.18725,,,,,,,
2026-10-09,bundesliga,2026-10-18,6,M'gladbach,Hoffenheim,M'gladbach,Hoffenheim,with_xg,,0.34870,0.23968,0.41162,0.34870,0.23968,0.41162,0.35051,0.24539,0.40411,,,,,,,
2026-10-09,la_liga,2026-10-18,9,Celta,Alavés,Celta,Alaves,with_xg,,0.43846,0.27943,0.28212,0.43846,0.27943,0.28212,0.47168,0.27397,0.25436,,,,,,,
2026-10-09,la_liga,2026-10-18,9,Málaga,Real Sociedad,Malaga,Sociedad,with_xg,,0.24240,0.27767,0.47993,0.24240,0.27767,0.47993,0.20108,0.27502,0.52391,,,,,,,
2026-10-09,la_liga,2026-10-18,9,Osasuna,Santander,Osasuna,Santander,with_xg,,0.55240,0.22908,0.21852,0.55240,0.22908,0.21852,0.55115,0.22632,0.22253,,,,,,,
2026-10-09,la_liga,2026-10-18,9,Real Madrid,Sevilla FC,Real Madrid,Sevilla,with_xg,,0.76274,0.15487,0.08239,0.76274,0.15487,0.08239,0.74375,0.16412,0.09213,,,,,,,
2026-10-09,ligue_1,2026-10-18,7,Angers SCO,Marseille,Angers,Marseille,with_xg,,0.21225,0.22986,0.55789,0.21225,0.22986,0.55789,0.19563,0.23627,0.56810,,,,,,,
2026-10-09,ligue_1,2026-10-18,7,Le Havre,Auxerre,Le Havre,Auxerre,with_xg,,0.39515,0.27815,0.32670,0.39515,0.27815,0.32670,0.38490,0.28189,0.33321,,,,,,,
2026-10-09,ligue_1,2026-10-18,7,Lorient,Monaco,Lorient,Monaco,with_xg,,0.29594,0.26030,0.44375,0.29594,0.26030,0.44375,0.29691,0.26057,0.44253,,,,,,,
2026-10-09,ligue_1,2026-10-18,7,Olympique Lyon,Nice,Lyon,Nice,with_xg,,0.59213,0.22044,0.18743,0.59213,0.22044,0.18743,0.59182,0.22509,0.18308,,,,,,,
2026-10-09,ligue_1,2026-10-18,7,Paris FC,Stade Rennais,Paris FC,Rennes,with_xg,,0.46457,0.25325,0.28219,0.46457,0.25325,0.28219,0.42827,0.26919,0.30254,,,,,,,
2026-10-09,premier_league,2026-10-18,7,Bournemouth,Sunderland,Bournemouth,Sunderland,with_xg,,0.54778,0.24239,0.20983,0.54778,0.24239,0.20983,0.53223,0.25315,0.21462,,,,,,,
2026-10-09,premier_league,2026-10-18,7,Brighton Hove,Crystal Palace,Brighton,Crystal Palace,with_xg,,0.54416,0.23526,0.22058,0.54416,0.23526,0.22058,0.57513,0.23682,0.18805,,,,,,,
2026-10-09,premier_league,2026-10-18,7,Leeds United,Man United,Leeds,Man United,with_xg,,0.34470,0.26009,0.39521,0.34470,0.26009,0.39521,0.31856,0.26512,0.41632,,,,,,,
2026-10-09,premier_league,2026-10-18,7,Nottingham,Arsenal,Nott'm Forest,Arsenal,with_xg,,0.20155,0.26020,0.53825,0.20155,0.26020,0.53825,0.21484,0.27183,0.51333,,,,,,,
2026-10-09,serie_a,2026-10-18,7,Fiorentina,Como 1907,Fiorentina,Como,with_xg,,0.25115,0.25422,0.49463,0.25115,0.25422,0.49463,0.24695,0.25904,0.49401,,,,,,,
2026-10-09,serie_a,2026-10-18,7,Juventus,Lazio,Juventus,Lazio,with_xg,,0.57592,0.24710,0.17697,0.57592,0.24710,0.17697,0.54319,0.25396,0.20285,,,,,,,
2026-10-09,serie_a,2026-10-18,7,Milan,Atalanta,Milan,Atalanta,with_xg,,0.45891,0.25339,0.28770,0.45891,0.25339,0.28770,0.44392,0.26564,0.29044,,,,,,,
2026-10-09,serie_a,2026-10-18,7,Udinese,Lecce,Udinese,Lecce,with_xg,,0.53100,0.25871,0.21029,0.53100,0.25871,0.21029,0.52946,0.26622,0.20432,,,,,,,
2026-10-09,la_liga,2026-10-19,9,Getafe,Rayo Vallecano,Getafe,Vallecano,with_xg,,0.34572,0.30043,0.35385,0.34572,0.30043,0.35385,0.35501,0.30127,0.34372,,,,,,,
2026-10-09,premier_league,2026-10-19,7,Tottenham,Coventry City,Tottenham,Coventry,with_xg,,0.43834,0.28991,0.27175,0.43834,0.28991,0.27175,0.45025,0.29743,0.25232,,,,,,,
2026-10-09,serie_a,2026-10-19,7,Monza,Cagliari,Monza,Cagliari,with_xg,,0.34907,0.27545,0.37548,0.34907,0.27545,0.37548,0.28845,0.27358,0.43797,,,,,,,
2026-10-09,serie_a,2026-10-19,7,Parma,Torino,Parma,Torino,with_xg,,0.33492,0.29233,0.37275,0.33492,0.29233,0.37275,0.36772,0.29551,0.33677,,,,,,,
2026-10-09,la_liga,2026-10-21,6,Levante,Athletic,Levante,Ath Bilbao,with_xg,,0.34920,0.26198,0.38882,0.34920,0.26198,0.38882,0.35054,0.27027,0.37919,,,,,,,
2026-10-09,bundesliga,2026-10-23,7,Stuttgart,M'gladbach,Stuttgart,M'gladbach,with_xg,,0.68473,0.17452,0.14075,0.68473,0.17452,0.14075,0.70411,0.17207,0.12382,,,,,,,
2026-10-09,la_liga,2026-10-23,10,Alavés,Málaga,Alaves,Malaga,with_xg,,0.65821,0.22639,0.11540,0.65821,0.22639,0.11540,0.68252,0.22008,0.09740,,,,,,,
2026-10-09,ligue_1,2026-10-23,8,Brest,Nice,Brest,Nice,with_xg,,0.47168,0.25226,0.27606,0.47168,0.25226,0.27606,0.45153,0.26330,0.28518,,,,,,,
2026-10-09,premier_league,2026-10-23,8,Ipswich Town,Nottingham,Ipswich,Nott'm Forest,with_xg,,0.25824,0.25787,0.48389,0.25824,0.25787,0.48389,0.22628,0.25187,0.52186,,,,,,,
2026-10-09,serie_a,2026-10-23,8,Torino,Monza,Torino,Monza,with_xg,,0.48913,0.26417,0.24670,0.48913,0.26417,0.24670,0.53831,0.25250,0.20919,,,,,,,
